Name,Created,Status,Text
图计算增强反欺诈风控,2025年6月26日 19:06,未开始,
复杂业务模型抽象架构,2025年6月14日 00:47,进行中,
TCP粘包：一个经典“误解”与三种应用层解决方案,2025年6月8日 07:20,完成,
工程估算与性能建模。,2025年6月7日 21:41,完成,
数据指标压测问题技术方案,2025年6月7日 21:26,完成,
搜索引擎工作原理,2025年6月1日 21:42,完成,
如何写好prompt,2025年6月1日 01:07,完成,
"风控系统架构梳理 ",2025年5月14日 14:36,完成,
广告事件聚合系统设计笔记,2025年4月30日 11:39,完成,
后端系统容灾与高可用设计指南,2025年4月29日 14:44,完成,
Go 传参和返回值是通过 FP+offset 实现,2025年4月28日 11:00,完成,
DeepSpeed 扫盲,2025年4月25日 16:14,完成,
宝宝床边故事集：存储引擎,2025年4月22日 16:04,完成,
大语言模型智能体,2025年3月31日 20:36,完成,
系统设计与高并发架构：用快餐店经营的例子轻松理解,2025年3月31日 01:21,完成,
性能优化具体怎么做,2025年3月27日 16:55,完成,
分布式面试题,2025年3月18日 01:33,完成,
RocketMQ如何保证消息的可靠性？,2025年3月18日 01:32,完成,
Design A Chat System 设计一个聊天系统,2025年3月15日 00:19,完成,
WebRTC底层核心技术原理解析——从协议栈到具体实现,2025年3月11日 00:16,完成,
SCTP（流控制传输协议）关联状态图,2025年3月10日 17:30,完成,
SRTP密钥协商流程,2025年3月10日 15:31,完成,
ICE流程框架,2025年3月9日 23:47,完成,
WebRTC底层全流程解析：从0到1建立实时通信的关键步骤与协议协同,2025年3月7日 20:54,完成,
WebRTC的uFrag（用户名片段）和 uPwd（密码）,2025年3月7日 20:44,完成,
NAT打洞的底层原理与流程解析,2025年3月7日 14:48,完成,
WebRTC  screeGo,2025年3月5日 21:24,完成,
kafka日常实践 操作,2025年3月5日 11:20,完成,
挖掘项目亮点优化简历,2025年3月3日 18:43,完成,
RocketMQ相关,2025年2月23日 20:40,完成,
抖音/直播  相关系统设计题,2025年2月23日 16:45,完成,
性能优化方案方法论,2025年2月16日 23:11,完成,
分布式架构不同组件推拉模式考量,2025年2月16日 19:07,完成,
秒杀场景高并发与防超卖方案总结,2025年2月15日 23:40,完成,
系统设计-电影院数据库设计,2025年2月7日 00:28,完成,
" redis性能优化|内存不足具体参数设置",2025年2月6日 23:54,完成,
Github Action底层,2025年2月6日 15:00,完成,
分布式任务调度初解,2025年2月6日 13:22,完成,
SQL的优化、执行阶段,2025年2月6日 09:52,完成,
mysql 8.0删除查询缓存原因,2025年2月6日 09:43,完成,
投资后续的目标,2025年2月4日 20:34,完成,
B+ Tree和LSM Tree核心差异,2025年2月3日 01:43,完成,
seata-go产出,2025年2月2日 14:33,完成,
高并发典型业务场景拆解,2025年1月30日 02:58,完成,
IO密集型和CPU密集型业务占比,2025年1月30日 02:50,完成,
网络框架是否异步比同步好,2025年1月30日 02:47,完成,
K8S operator,2025年1月27日 19:38,完成,
时间从哪里来?,2025年1月27日 19:26,完成,
client-go,2025年1月24日 17:17,完成,
iptables原理,2025年1月23日 15:46,完成,
SSL加密,2025年1月21日 22:22,完成,
高可用IM,2025年1月19日 18:15,完成,
AI infra 云原生相关,2025年1月19日 14:36,完成,
2025上半年学习计划,2025年1月18日 21:40,完成,
个人自我规划和市场价值,2025年1月18日 16:16,完成,
Reliable UDP一览：那些能替代TCP的RUDP方案,2025年1月15日 15:06,完成,
k8s GPU调度,2025年1月7日 21:00,完成,
风轮分享合集,2025年1月7日 12:11,完成,
raft KV,2025年1月5日 16:48,完成,
通用推荐系统架构,2025年1月5日 01:32,完成,
mysql索引,2025年1月4日 17:06,完成,
毕业论文,2025年1月3日 15:00,完成,
MYSQL 存储,2025年1月2日 10:13,完成,
算力市场 支付api,2025年1月2日 09:15,完成,
Cache Aside Pattern,2024年12月31日 09:07,完成,
数据库和缓存的一致性问题,2024年12月30日 16:15,完成,
DTM 的数据库与缓存一致性,2024年12月30日 15:01,完成,
Go图片数据库压缩,2024年12月30日 00:17,完成,
职业规划分享,2024年12月7日 21:13,完成,